V1,V2,V3
Rufino,"Hobart, IN",India
Justin Berg,"Cincinnati, OH",America
George Raze,"Paradise, NV",America
Dylan Glickstern,"New York, NY",America
Brad Blais,"Bristol, CT",America
Magic Nation,"Orlando, FL",America
Darrell Hykes,"Atlanta,  GA",Gabon
George Efkarpides,United States,United States
Spiros tsiri,"Corfu, Greece",Greece
#PaperMario©…©…STUFF,"Orlando, FL",America
Erik Anderson,"Anoka, MN",Mongolia
YeezyBoost350V2,"New York, USA",United States
Mr.Clyburn,"New Jersey, USA",United States
JayCpLeo,"Shanghai,China",Hong Kong
,"Attiki, Greece",Greece
Kevin Karl NZE MBA,"Riverside, CA",Canada
 ,"Athens, Greece",Greece
Trifillakia.gr,Greece,Greece
Kayla Brianna Smith,"California, USA",United States
Josip Stojanovi,"Leverkusen, Germany",Germany
Pete Beslic,United States,United States
tapatio $auce,United States,United States
Konstantinos,"Athens, Greece",Greece
Thomas Koutsikos,"Corfu,Greece",Greece
NBA FR,"Ile-de-France, France",France
John,"Winter Park, FL",America
Mario,"Croatia, Zagreb",Croatia
WillyWakes,"Ann Arbor, MI",America
Marvella Perkins,"Memphis, Tennessee",America
Dr. Oreo,Canada,Canada
Michael Filletti,Malta,Malta
cheng,"Cainta, Rizal,  Philippines",Philippines
Armchair Magic,"Orlando, FL",America
Giuseppe Giordano,"Campania, Italy",Italy
Xavi Vie Custo,"Cerdanyola del Valls, Spain",Spain
David Jones,"Orlando, FL",America
G-G,Israel,Israel
©…©… NBA,"Springfield, MA",Morocco
Hajdukovac,Bosnia and Herzegovina,Bosnia and Herzegovina
Larisakhachatryan,Armenia,Armenia
filippou alkis,"Chania, Greece",Greece
Kristijan Jajalo,Iceland,Iceland
michael sternlinks,"Florida, USA",United States
Bruna Papi,"Dubrovnik, Croatia",Croatia
Noah,"Mount Druitt, Sydney",Australia
Buzztap,"Los Angeles, CA",Canada
Trevor Santiago,"Florida, USA",United States
Antisha Croger,"Cologne, Germany",Germany
George Mimigiannis,"Ile-de-France, France",France
djdhjeks,"New York, NY",America
Hornets7-9 saints8-2,"Winston-Salem, NC",New Caledonia
Luis,"Alcorcn, Spain",Spain
Luigi,"Waterbury, CT",America
s秧观,"Taipei City, Taiwan",Taiwan
Marin Cilic,Croatia,Croatia
Rossano,"Chieti,Italy",Italy
Nifti,NYC,America
Antoine,France,France
Gelisva Trikasmou,"alexandroupolis,Greece",Greece
John Thompson,"Birmingham, AL",Albania
Nikol,NYC ,America
Beto Moya,"Quito, Ecuador",Ecuador
Roberto Mari,"Dubrovnik, Croatia",Croatia
VK Jug CO,"Dubrovnik, Croatia",Croatia
MB7©…©…,"Cordoba, Argentina",Argentina
Ivana Mazzoni,Slovenia,Slovenia
24sata,"Zagreb, Croatia",Croatia
FudgeNugget,"Corpus Christi, TX",America
I Love Orlando Magic,"Orlando, FL",America
Courtney Jasmin,"Orlando, FL",America
Rome,OR,America
MikeP_4_3,United Kingdom,Jersey
Arnesha Derricks,"Duncanville, TX",America
Noah_pitman_116,"Minnesota, USA",United States
Santiago,Montevideo,Uruguay
Ivica Baraba,"Zagreb, Croatia",Croatia
Daniel Serrano|1.1K,"Florida, USA",United States
Holly Taggart,"Florida, USA",United States
A.C,NC,New Caledonia
Sheeequan Johnson,"Maryland, USA",United States
Petar Grancaric,"New Jersey, USA",United States
German King Alberto,"Des Plaines, IL",Israel
Barrett Ford,"Atlanta, GA",Gabon
Ferry_JR,"Louisiana lafayette,USA",United States
Andy Hendricks,"Minneapolis, MN",Mongolia
Vincent Ferrarini,"Fletcher, NC",New Caledonia
Tomislav Hrastinski,"Zagreb,Croatia",Croatia
Lil B THE BASEDGOD,United States,United States
Jan Mavrek,"Ludbreg,Croatia",Croatia
SplattNBA,"Chicago,Illinois",America
Mike Aaro,FL,America
©…©…©…©…,Texas,America
Adrian Griffin,"Oklahoma City, OK",America
}eljko Palavra,Bosnia and Herzegovina,Bosnia and Herzegovina
JoeandNicole Anglada,"Orlando,FL",America
ExtremeSwish,"Pennsylvania, USA",United States
Sheed,"Portland, OR",America
Ketija,Latvia,Latvia
#PaperMario©…©… STUFF,"Orlando, FL",America
Sara Gell,Barcelona,Spain
 ,"Chalkida, Greece",Greece
Denis Svircic,"San Pedro, CA",Canada
Chris Leach,"Windermere, FL",America
Megan Rochell,"Atlanta, GA",Gabon
Agung Satria Susanto,"Jakarta Capital Region, Indonesia",Indonesia
Anthony Allegar,"Boca Raton, FL",America
Henry Payton,"Orlando, FL",America
njsuperdad,"New Jersey, USA",United States
Meli a&,"Chaco, Argentina",Argentina
5BoroSportsGuru,"New York, NY",America
DelBoy,Zagreb,Croatia
Austin Mansfield,"Altamonte Springs, FL",America
Logan ©…©…,"Orlando, FL",America
Cindy ©…©…©…©…,"Tampa, FL",America
Pete Bogart,"Richmond Hill, GA",Gabon
Jannica Dela Cruz,"Bulacan, Philippines",Philippines
RipCityWarrior,"Portland, Oregon",America
J. Ted,"Indiana, USA",United States
TTTHF,Melbourne,Australia
Brooke (',"Orlando, FL",America
Roger Carmona,Barcelona,Spain
Jordy Charby,"Saint-Florent-sur-Cher, France",France
AlbimonteDaPeretola,"Clusone, Italy",Italy
Chef Susan Ytterberg,"Winter Park, FL",America
KK Zadar,"Zadar, Croatia",Croatia
"Mark E. Louie, LMHC","New York, NY",America
Karlo,"California, USA",United States
Vanessa Friedman,Florida,America
Daniel Small,"Cleveland, OH",America
Jon Steele,"Orlando, FL",America
Caden Minter,"Big Sandy, Texas",America
Via ©…©…,"Gainesville, FL",America
Emily Parra,California,America
Ziggy Cassim,MCO,Monaco
Edin ©…©…©…©…,"Atlanta, GA",Gabon
©…©…,"Florida, USA",United States
Eric Crosby,"Tallahassee, FL",America
Nigel Jones,"Orlando, FL",America
Thomas Scott Jonas,"Minneapolis, MN",Mongolia
Jerry Brady,"Orlando, FL",America
The Ball St. Journal,"Portland, OR",America
Stephen Mac Macaluso,"Orlando, FL",America
Brandon Smith,"North Las Vegas, NV",America
R. Derek Smith,"Orlando, FL",America
scott polk,"Orlando, FL",America
Kristina Pasari,"Zagreb, Croatia",Croatia
Martin Garcia,"APK, FL",America
Josh Hodges,"The Fan - Richmond, VA",Holy See
Chizilla21,"Orlando, FL",America
Austin Drew,"Orlando, FL",America
Will Kogel,"Harlem Heights, FL",America
Dean Boris Vilic,"New Jersey, USA",United States
Brad Hektor,"Denver, CO",Colombia
Basset,Paris,France
Matija Novak,"Zagreb, Croatia",Croatia
Edin Kozaric,"Oslo, Norway",Norway
Kierston,"Wingo, KY",Cayman Islands (the)
THRILLip Hannigan,Dublin,Ireland
Q,France,France
NYC Croatia Copa,"New York, NY",America
Nick Smith,"Hampton Roads, VA",Holy See
Chaz Vasser©…©…©…©…,"Iowa, USA",United States
Jeanie Lee Hegenauer,"Florida, USA",United States
Central Fl Krav Maga,"Orlando, Florida",America
"Emil an
ar",Zagreb,Croatia
Taylor L'Heureux,Kentucky,America
Marko,Bosnia and Herzegovina,Bosnia and Herzegovina
Curtiss Conley,"Tulsa, OK",America
Khutso Banele Bhuda,"Pretoria, South Africa",South Africa
Joseph Pennington,Florida,America
Chris Magill,Columbus,America
"Sexy_Kola
",Bosnia and Herzegovina,Bosnia and Herzegovina
"ioMui$t !""",Paris,France
CryoNext,"Orlando, FL",America
JoeBo,"Atlantic City, NJ",America
Domagoj Bazina,Croatia,Croatia
Nicholas Bruce,"New York, NY",America
Tomo Vukoja,Croatia,Croatia
"Ana Vida
ek",Zagreb,Croatia
Vesna Veselic,"Croatia, Zagreb",Croatia
TP,Toronto ,Canada
"Josipa Fria
i",Croatia,Croatia
Kercem Inanci,Cyprus,Cyprus
$G-N-yo-NEST$,"North Port, FL",America
Tom Hersz,"Melbourne, Australia",Australia
Frankie,Florida,America
Sally Ward,"Irvine, CA",Canada
cmack,"Rock Hill, SC",Seychelles
Hudson Taylor,"Hoboken, NJ",America
Dnmez samih,"Nancy, France",France
Green Gold Mining,"Greater Accra, Ghana",Ghana
Athlete Ally,"New York, NY",America
Carlos Silva,"Barreiro, Portugal",Portugal
6™ ©…©…,"Montpellier, France",France
Jos Ignacio Pinilla,Madrid,Spain
Josipa ,Croatia,Croatia
Tobias Guter,"Ulm,Baden-Wrttemberg,Germany",Germany
Mari,"Charlotte, NC",New Caledonia
BALL?,USA,United States
StevenTsui,Taiwan,Taiwan
StnrSlothSneakysleep,"North Salt Lake, UT",America
Lavon Sheppard,"Tampa, FL",America
!M@3M;M=,"Ulaanbaatar, Mongolia",Mongolia
Marcos Levy,"Panama City, Panama",Panama
Zvonimir Mihalinec,Croatia,Croatia
Luis,"Phoenix, AZ",Azerbaijan
Daniel Gonzlez,"Barcelona, Spain",Spain
Dora,Croatia,Croatia
Jordi Gonzlez Ramos,Barcelona,Spain
Jerome,"Louisville, KY",Cayman Islands (the)
Alan Eder,Zagreb,Croatia
Ante ,"Sweden
",Sweden
Jay Nester,"Houston, TX",America
Frank Zacca,"Rome, IT",Italy
Luka Rudeli ,Zagreb,Croatia
Milka Divic,"Split,Croatia",Croatia
Toni Medved,Montenegro ,Montenegro
RTK Fitness,"Connecticut, USA",United States
Christopher Fujino,"San Francisco, CA",Canada
JJ Chang,"Quito, Ecuador",Ecuador
Tyler Lipsky,"Delray Beach, FL",America
Benjamin Seo,"New York, NY",America
Matja~ Adrinek,Slovenia,Slovenia
Tucker Bass,Utah ,America
GaGeH_viii,"Cibolo, TX",America
Donte Archie,"Los Angeles,CA",Canada
Jeff LaMura,"Wake Forest, NC",New Caledonia
Jeff Kowalek,"Unfortuantley not MidTenn, USA",United States
Rostislav Georgiev,Bulgaria,Bulgaria
Dennis Yoo,Toronto,Canada
Fearless Lisp Luthor,"Detroit, MI",America
xX09BrAvEs30Xx,Atlanta,America
Salva Arco Frias,"Lugo, Spain",Spain
David Dugan,"Cuyahoga Falls, OH",America
inactive,"Natchez, MS",Montserrat
The great one,Trinidad and Tobago,Trinidad and Tobago
Javonne Jeter,"Camden, NJ",America
Lola,"Split, Croatia",Croatia
-'5-4-' &™10-0&™,"Orlando, FL",America
Luka Macharashvili,Tbilisi,Georgia
Pep Reverter Sancho,"Alcanar, Spain",Spain
*,"Ohio, USA",United States
©…©…,"Flagstaff, AZ",Azerbaijan
Andrew Jefferson,Indiana,America
Nikola Mihaljevic,Bosnia and Herzegovina,Bosnia and Herzegovina
Ross Welch,"Nashville, TN",Tunisia
Jeremy Paine,"Urbandale, IA",America
Adam Goymerac,"Rancho Cucamonga , CA",Canada
Jae Nobleat,"Orlando,FL",America
Bapt'Man ˇ™,"Gonfreville-l'Orcher, France",France
Eves,"Grand Forks, ND",America
Brian Share,"Orlando, FL",America
Shmohawk,"Nashville,TN",Tunisia
Lucas Hough,"Philadelphia, PA",Panama
John Wall,"CINCINNATI, OH",America
El Jefe,Colorado,America
Dominican23©…©…©…©…©…©…©…©…,"Douglasville,GA",Gabon
SeaMDB,"Seattle, WA",America
Michael Holleran,"New York, NY",America
Will Harden,Boston ,America
FloridaSportingNews,"Orlando, FL",America
C.J. McLaughlin,"New York, USA",United States
Hannah,"WDW, NYC",America
Garca IV,"Buenos Aires, Argentina",Argentina
b.m.faraonee,Ireland,Ireland
Bernat Aguilar,"Sant Andreu, Barcelona",Spain
Andrew Sechen,"Jacksonville, FL",America
NBA DeFacto,"Long Island,NY",America
J Romero,"New York, USA",United States
SSJ,Myanmar,Myanmar
Dziuzepe 55,Vilnius,Lithuania
Brian Pease,"Pittsburgh, PA",Panama
Eric Taylor,"NYC, UWS & Scottsdale, AZ",Azerbaijan
kreacher,"Queens, NY",America
George Kondoleon,"Paramus, NJ",America
ca$h,"Stillwater, OK",America
Angelo Inglisa,"Morgantown, WV",America
Hipster_Superman,"New York, NY",America
Wil delaCruz,"Oviedo, FL",America
Chris Clarke,"Somewhere, USA",United States
Ltf Gazioglu,Istanbul,Turkey
Michael DeFazio,"Air Force Academy, CO",Colombia
TiL' Bee ©…©…©…©…,"Jacksonville, FL",America
Mr GiddyUp,"Orlando, FL",America
EBaller,"Orlando, FL",America
Craig Romans,"Lynn Haven, FL",America
Anajuwon R. Spencer,"Chicago, IL",Israel
Warrior,"Montreuil, France",France
Young Skeeter,"Syracuse, NY",America
Mike Rodriguez,"Florida, USA",United States
Rob Van Til,"Georgetown, KY",Cayman Islands (the)
Gunnar,"Gaithersburg, MD",Moldova
Marija Budi,"Zagreb, Croatia",Croatia
Brian Testa,"Winter Park, FL",America
Heiser,"Fort Worth, TX",America
Joseph,"Orlando, Florida",America
hakongle,Oslo,Norway
Ray,"Tampa, FL",America
Ernest Hermoso,"Florida, USA",United States
Abe Del Rosario,"Orlando, FL",America
Buckets,"Gilroy, CA ",Canada
Brenden Nakamine,"San Diego, CA",Canada
Ryan Quinn,"Arlington, VA",Holy See
Sal Ochoa-',"Fresno, CA",Canada
Matthew Niessf,"Florida, USA",United States
David Flaishans,"Detroit, MI/Taylor, MI",America
Ant,"Montgomery, AL",Albania
EZ,"Tampa, FL",America
Jorge Carrillo Avila,Barcelona,Spain
ZENAS,Indonesia,Indonesia
Gunner ©…©…,"Athens, OH",America
Olavo Chiandotti,"Sao Paulo, Brazil",Brazil
John T. Psaras,"Orlando, FL ",America
Chris,Texas,America
SUGE WHITE,"Paramount, CA",Canada
Brett Green,"Boone, NC",New Caledonia
Kraix,Barcelona,Spain
Adam Shadoff,"Orlando, FL",America
CS栎何,UK,United Kingdom
Mickey,Tokyo,Japan
Cristian,"Orlando, FL",America
Et  B,"Bretagne, France",France
Ryan RJ Johnston,"Illinois, USA",United States
Josh,"Orlando, FL",America
Brenden,"Orlando, FL",America
Matt Draper,"Orlando, FL",America
Max,"Minneapolis, MN",Mongolia
Shake-scene,"Belgrade, Serbia",Serbia
Dalius Stuoka,Lithuania,Lithuania
Rob Meister,United States,United States
Alexandria Jenkins,"Florida, USA",United States
James Hizona,"Noblesville, Indiana",America
Davor Pejic,Bosnia and Herzegovina,Bosnia and Herzegovina
Juandi,Barcelona,Spain
Joey Rodriguez,"Richmond, VA and Orlando, FL",America
Roberto Trevino,"San Antonio, Texas",America
AP,"Tampa, FL",America
Conor Woodlief,"Pleasant Hill, CA",Canada
Danny Krazit,"Orlando, FL",America
Moose Huerta,"New York, NY",America
The Benchwarmers,"Orlando, FL",America
jokester1203,"Tampa, FL",America
Llus Pri Torres,Barcelona,Spain
Adam Clarke,"Orlando, FL",America
Chris White,"Florida, USA",United States
Kenny Bayless' Ass,Boston,America
Stephen Pyke,"Wandsworth, London",United Kingdom
DubrovnikSightseeing,"Dubrovnik,Croatia",Croatia
Jason Lott,"New Orleans, LA",Lao People's Democratic Republic
Ignacio Pro,"Lima, Peru",Peru
Dawson Stewart,"Manhattan, KS",America
Eddy lopez,"Florida, USA",United States
Bryen-Anthonie,"Corpus Christi, TX",America
Hrvoje Gregori,Croatia,Croatia
Christopher Kline,"Braselton, GA",Gabon
Kyle DeGailler,"Florida, USA",United States
Javan Jean-Noel,"Bay Area, CA",Canada
Jassel_787,"Los Angeles, CA",Canada
Matthew Baker,"Lakeland, FL",America
The Outlaw Macaw,"Detroit, MI",America
call me kay©…©…©…©…©…©…©…©…,"Gainesville, FL",America
Alan,France,France
Ben Paquin,"Clearwater, FL",America
Paul Dorney,Boston,America
Michelle Burnham,"Phoenix, AZ",Azerbaijan
Route Combo,"Austin, TX",America
Ben Ross,"Oviedo, FL",America
MsMimiBoz,"Orlando, FL",America
Rick Martinez,"Orlando, FL",America
The Professor,NYC,America
Ben Walters,"Tampa, FL",America
Christopher B.J. Kim,"Vernon Hills, IL",Israel
zeljko kresic,Zagreb,Croatia
M.A. Jones,"Orlando, FL",America
Nika elam,"Zagreb,Croatia",Croatia
Benson Waller,"Morganfield, KY",Cayman Islands (the)
DJ E-Cruz,"Orlando, FL; Hinesville, GA",Gabon
Mack Dalton,"Los Angeles, CA",Canada
Ryne Knuth,"Polk County, FL",America
Grant Bradley,"Crescent Beach, FL",America
Mitchell Northin,"Kaiwaka, New Zealand",New Zealand
Alessio Rabino,Italy,Italy
Cory Hunt,"Elyria, OH",America
Dylan Painter,"Greeneville, TN",Tunisia
David Baumann,"Orlando, FL",America
Andy,"Tampa, FL",America
Breccon Holland,"Chandler, AZ",Azerbaijan
Josh Maier,"Omaha, NE",Niger
TWolvesArmy ECuador,Ecuador,Ecuador
Servando,"Orlando, FL",America
Grizzfan74,"Memphis, TN",Tunisia
Eddy Chaltiel,"Las Vegas, NV",America
Barkevious Pierce,"Los Angeles, CA",Canada
Drew,"Maryland, USA",United States
M R Jamez,"Laguna Beach, CA",Canada
Ivan,"Chicago, IL",Israel
Kazbek Dubrovnik,"Dubrovnik, Croatia",Croatia
KC,"Florida, USA",United States
Lovre Toman,"Zadar, Croatia",Croatia
Donny,"New York, USA",United States
Dave E. Cano,"Sunny Los Angeles, California",America
Stephen Cotanche,"Orlando, Florida",America
Emmanuel Stewart,"Gainesville, FL",America
Chris,Florida,America
Kevin Sicard,"Burlington, VT",America
Tre Lima,"Deltona, Florida",America
Keith Chadwick,"Wicklow, Ireland",Ireland
DanteFowlerApologist,"Huntsville, AL",Albania
C'kris,"Orlando, Florida",America
Jimmy,"Orlando, FL",America
Jones,"Orlando, FL",America
Kyrie Curving,"Miami, FL",America
More Than Able Music,"Orlando, FL",America
Matt Workman,"Orlando, FL",America
Rob Denniss,"Wollongong, Australia",Australia
Christy_904,Florida,America
Eddie Trujillo,"Orlando, FL",America
FOX 24 Charleston,"Charleston, SC",Seychelles
Eric,"Florida, USA",United States
Big L,"Robertsville, NJ",America
Sturgill,"Pinetops, NC",New Caledonia
Timothy Schwallie,United States,United States
Kate Ortouste,Philippines,Philippines
Evan,"Fort Myers, FL",America
OTHS ,Philippines,Philippines
"  Fidel Seineldin "" ""","Orlando, FL and Rosario, AR",Argentina
Your Female Engineer,"Jacksonville Beach, FL",America
Charlie Payne,"Richmond, VA ",Holy See
Ben Andrews,Melbourne,Australia
Ronan Ryan,"Dublin , Ireland",Ireland
Jason Ramos,"Sanford, Florida",America
HTTR,Bahrain,Bahrain
Tara Adams,"Clermont, FL",America
Silvia Diao Balde,Barcelona,Spain
Dilly Dilly ©…©… #FinsUp ©…©… ©…©…,"Ocala, FL",America
Andrew Robilliard,"Melbourne, Australia",Australia
Crosarka,Croatia,Croatia
WOKV News,"Jacksonville, FL",America
}arko Babi,"Dsseldorf, Germany",Germany
Blai Macarro,Barcelona,Spain
Israel Balmanya,Barcelona,Spain
Basilios Koulouris,Greece,Greece
Ivo Matic,"Dubrovnik, Croatia",Croatia
Abdul,Denmark,Denmark
Francesc Valls,"Boston, MA",Morocco
Matteo Zavattoni,Milano,Italy
Cad O Prefeito?,"Porto Alegre, Brazil",Brazil
Guggz,Iceland,Iceland
Marc Caizares,Barcelona,Spain
Z竣,"Tokyo-to, Japan",Japan
Alberto,"Valencia, Spain",Spain
Guraka,Florida,America
Justin Carder,United States,United States
Kobe Bryant!!!!!!!!!,NYC,America
Thomas Dee,Austria,Austria
Stefan Ivkovic,"Osijek, Croatia",Croatia
Matt Shadwick,"Tasmania, Australia",Australia
Bryan,"Cincinnati, OH",America
EDGE,"Nebraska, USA",United States
Patricia Daz Gomez,Barcelona,Spain
Paula Sande Garca,Madrid,Spain
Ryan 'Bdock' Brodock,"Orlando, FL",America
©…©…DopeDad©…©…,"Fairfield, CA",Canada
The Cholo Nerd,"Pismo Beach, CA ",Canada
Raphael Duarte,"Rio de Janeiro, Brazil",Brazil
That's So Magic,"Orlando, FL",America
Rob Thornton,"Hattiesburg, MS",Montserrat
Corey Sobers,"Gainesville, FL",America
Michael Eagle,"Gainesville, FL",America
Rober Ale Alvarez,Uruguay,Uruguay
Joe gadoury,"Altamonte Springs, FL",America
Brent Jowers,"Indian Rocks Beach, FL",America
Zfiro,Amsterdam,Netherlands
Sean-Ray Williams,"Harrisburg, PA",Panama
Art,"St Johns, FL",America
Tom Regan,"Gainesville, FL",America
Jeff Amellin,"Natick, MA",Morocco
Mary,"Los Angeles, CA",Canada
Tim Henry,"Orlando, FL",America
KGB,"Florida, USA",United States
Alex Crespo,"Altamonte Springs, FL",America
Jey,"Orlando, FL",America
Victor,"New Mexico, USA",United States
Orlando Magic Vines,"Orl&ndo, FL",America
Brett Lewis-Lane,"Zephyrhills, FL",America
Aaron Carlson,"Orlando, FL",America
Stephen,"Sarasota, FL",America
Vinnie Ferrarini,"Fletcher, NC",New Caledonia
Orlando M.,"Orlando, FL",America
Chris Misner,"Joplin, MO",Macao
Kellus,"USA, Texas",America
Corey Chaplin,"Fort Walton Beach, FL",America
Ty Liskai,"Bowling Green, OH",America
Francisco,"Sao Paulo, Brazil",Brazil
Simon,"Saugerties, NY",America
David F. Perez,"Orlando, FL",America
Andrew Melnick,"Orlando, FL",America
Marko Crespo,"St. Petersburg, FL",America
Brandon Helwig,"Orlando, FL",America
Eric Szymanski,Florida,America
Walker Simasek,"Orlando, FL",America
Tony Underwood,"Groveland, FL",America
Conner ©…©…©…©…,Florida,America
Anthony Showalter,"Orlando, FL",America
Magic Suck Ass Again Please Understand My Pain,VA,Holy See
Natalie Dove,"Arkansas, USA",United States
Eric Kosmack,"Lions Den, NJ",America
splyle,"Orlando, FL",America
Elite S & F,"Winter Park, FL",America
Nik,"Orlando, FL",America
RaidersMagics504,"Louisiana, USA",United States
w1ned,"Paris, France",France
Rex Roberts,"Orlando, FL",America
Ben Vollmer,Florida,America
Nick,"Bellingham, WA",America
Daniel Conrad,"Mississippi, USA",United States
Logan McPhillips,Nebraska,America
Jason Clark,"Deltona, FL",America
mrpatterson,Florida,America
Alex Fackler,"Orlando,FL",America
Nick,"Clermont, FL",America
PW©…©…,CT,America
Colin Morris. First of His Name. King of the Porgs,"San Francisco, CA",Canada
k,"Atlanta, GA",Gabon
Zach Vandergrift,"Orlando, FL / Tampa, FL",America
Tim Drexler,"Lake Mary, Florida",America
Kevin Flanagan,"Orlando, FL",America
Brett Powell,Kentucky,America
Paul P,"Boston, MA",Morocco
Becki,FL,America
Jimmy Varas ©…©…©…©…©…©…,"Fitchburg, MA",Morocco
R.A.H.,"Orlando, Florida ",America
Scott Geiser,"Titusville, FL",America
A. Webb,"Pine Hills, FL",America
Breminem,"Orleans, MA",Morocco
Addison Hunsicker,"Philadelphia, PA",Panama
daniel,Toronto,Canada
Kaydi Lyons,"Sarasota, Florida",America
adam,"LKLD, FL",America
Nick Harasymczuk,"Montrose, PA/Lansdale, PA",Panama
Luke Mac,"Orlando, FL",America
Kevin Eccles,"Winter Springs, FL",America
Elizabeth©…©…©…©…,"Tampa, FL",America
Max Dyson,"Melbourne, Australia",Australia
Puj,"West Hazleton, PA",Panama
Gian Otero,"Orlando, FL",America
Ryan Thompson,Maine,America
Zac Loulanting,NZ,New Zealand
Chase,"Knoxville, TN",Tunisia
Sameer Chandnani,"Maitland, FL",America
Davis Brown,Nashville,America
Zuhaib Lassi,"Orlando, Florida",America
Ricky Carlton,"ORLANDO, FL",America
Hrvoje Sliskovic,"Zagreb, Croatia",Croatia
Manuel Johnson,"Orlando, FL",America
Joshua Campbell,New Zealand,New Zealand
Victor Oladipo,"Upper Marlboro, MD ",Moldova
     'fc d,"Orlando, FL",America
Billy Hibbard,"Orlando, FL",America
Nick,"Orlando, Florida",America
Christian,"St Cloud, FL",America
Chase Stamper,FL,America
MAGICS,"Orlando, FL",America
Ryan Adams,"Orlando, FL",America
Donnie Cole,"Orange Park, FL",America
Bruno,"Oslo, Norway",Norway
Jardian Ormsby,"Kellyville, Sydney",Australia
Tee,"Gainesville, FL",America
Dan,"Melbourne, FL",America
Jack Caroddo ©…©…,"Long Island, NY",America
Matt Waaland,"Hartford, CT",America
Francisco Medina,"Seattle, WA",America
©…©… Royal49er 夕,"Des Moines, IA",America
Chris Cardo,"Florida, USA",United States
Jared Ward,"Orlando, FL",America
Todd Baudendistel,"Winter Garden, FL",America
IcemanBRFC,Cape Town,South Africa
Amar Patel,"Orlando, FL",America
Kyle Thorp,"Orlando, FL",America
Nico Dlling,"Hamburg, Germany",Germany
Jamie Kenneally,Ireland,Ireland
Jake Fugett,"Winter Park, FL",America
Eric_Eggers,"Tallahassee, FL",America
Griff Miller,"Orlando, FL",America
Ruggero Calcatelli,Italy,Italy
"!@18X0 4> >:8X0""","Lake Mary, FL",America
Dave McGall ©…©…©…©…,"Hamilton, NZL",New Zealand
Ryan THE TEAM,"Tampa Bay, Florida",America
Tony Jr,"South Carolina, USA",United States
Jeff Keely,"Springfield, MO",Macao
Andrew Vitale,"Orlando, FL",America
StewStartt,"Canton, GA",Gabon
Adeniran Dolapo G.,Nigeria,Nigeria
Cortez Paul,"Winter Haven, FL",America
A.J. McDonald,"Orlando, Florida",America
SteelDragon,Mexico,Mexico
Kng.Bas,"Greensboro, NC",New Caledonia
Hot Krust,"Orlando, FL",America
D Hall,USA,United States
Brian Ferreira,"Tampa, Florida",America
CiscO,"Florida, USA",United States
Adam Cianciarulo,"Clermont, FL",America
Nic Meendering,"Spirit Lake, IA",America
Chris LeBlanc,"Orlando, Florida",America
Torrey Tooj,"Saint Petersburg, Florida",America
Jason Atherton,"Orlando, FL",America
Jared Kight,"Tampa- Orlando,FL",America
Sham,"Orlando, Florida",America
Hadar Segal,Israel,Israel
Joe Stevenson,"Tampa Bay, FL",America
Kevin Kloss,"Syracuse, NY",America
Not_Billy_Hoyle,"Florida, USA",United States
Jeremy Smith,"Orlando, FL",America
Chris Proctor,"Orlando, FL",America
Rob,"Florida, USA",United States
Coach Poyner,"Sanford, FL",America
Matthew Manotoc,"Manila, Philippines",Philippines
John Charlton,"Chattanooga, TN",Tunisia
Chris Weigl,"Columbia, MD",Moldova
Isaac Torres,"Orlando, FL",America
Deuce,"Florida, USA",United States
Douglas Ginsburg,"New York, NY",America
Ralph Seegobin,"Ocoee, FL",America
Jonathan Bowens,"Winter Park, FL",America
Jason Edwards,"Orlando, FL",America
necksnappa,"Orlando, FL",America
Dustin Kent,"Panama City, FL",America
Alex R,"Melbourne, Victoria, Australia",Australia
Rudy Luciano,"Chicago, IL",Israel
Rob Telfer,"Tallahassee, Florida",America
Matt Baker-Brooks,"Geelong, Australia",Australia
Wes McKee,"Oviedo, FL",America
Louis Melendez,"Clermont, FL",America
Juan Ant. Bisono,"Santo Domingo, Dominican Republic",Dominican Republic
EDNoles,"Tampa, FL",America
Dan Reilly,"Miami,FL",America
JohnnyB,"Pennsylvania, USA",United States
John Duffy,United Kingdom,Jersey
Andrew Gabriel,"Orlando, FL",America
Saucey Billups,"Los Angeles, CA",Canada
Chris Espy,Puerto Rico,Puerto Rico
Alex Maminakis,"Clemson, SC",Seychelles
Brad Holloman,"Orlando, FL",America
Roy David Ray Jr,"Casselberry, FL",America
Todd Haymans,"Orlando, FL",America
Walt Kendrick,"Orlando, FL",America
Ellvin,"Naranjito, Puerto Rico ",Puerto Rico
Wiggle Man,"Orlando, FL",America
Raymond Samuels,"Orlando, FL",America
Chris Robert,"Orlando, FL",America
Josh Pavlicek,"Orlando, FL",America
Lencia,"Orlando, FL",America
No Hue,"Paris, France",France
Nick Murray,"Orlando, FL",America
Jacob Carter,"Sarasota/Orlando, FL",America
Jordan,"Spfd, MO",Macao
Genijalac,Croatia,Croatia
Kenny Wilder,"Florida, USA",United States
Chris Lauten,"Evanston, IL",Israel
Alex Adams,"Nashville, TN",Tunisia
ORL Magic Central,"Orlando, FL",America
jf,"Orlando, FL",America
Chet Castille,"Orlando, FL",America
Jonathan Wiggins,"Augusta, GA",Gabon
Brian Dejesus,"Greenville, SC",Seychelles
Chris Dommermuth,"Tampa, FL",America
Mark,Sydney,Australia
Alex Onaindia,"Miami, FL",America
Jake Borton,"Casselberry, FL",America
Joey Barz,"The Middle Of My State, FL",America
Chris Baker,"Orlando, FL",America
Keith Bergeron,"Denver, CO",Colombia
Brandon Harnick,"Marietta, Georgia",Georgia
TheRyGuy,"Melbourne, FL",America
Emanuele,Milano,Italy
Christian Jag,"Cincinnati, OH",America
Ryan Chisholm,"Richmond, VA",Holy See
Spencer Flynt,"Atlanta, GA",Gabon
bye,"Auckland, NZ",New Zealand
Cody Martin,Arkansas,America
Howard Pearl,"Asheville, NC",New Caledonia
Anthony Gallo,"Beaufort, SC",Seychelles
Hunter Allison©…©…©…©…,"Arkansas, USA",United States
Anthony Fernandez,"Orlando, Florida",America
Oskar Palmquist,"Kinna, Sweden",Sweden
Mark Carberry,Florida,America
XCoNCepT1,"Orlando, FL",America
SuperLargoStyle,"Barcelona, Spain",Spain
Jordan Munoz,"Tampa, Florida",America
...,"Chicago, IL",Israel
Troy Grimes,"Nashville, TN",Tunisia
Franjo,"Fargo, ND",America
Michael Rice,Florida,America
Zak Cervasio,"Orlando, FL",America
Florian Fernandes,Paris,France
Mr. Clyburn,"New Jersey, USA",United States
Stillmatick,Melbourne,Australia
P+Les I'm All N Ofoe',"Columbus,Ohio ",America
Jake Hightower,"Tallahassee, FL",America
Andrew Shaffer,"Naples, FL",America
Chris Rylatt,"Sydney, Australia",Australia
Zed Sev ©…©…©…©…,American Samoa,American Samoa
Roberto Usieto,"Salou, Spain",Spain
Jose Rivera Jr,"Chicago, IL",Israel
Kyle Hughes,"Iowa City, IA",America
Chris Evans,"Kissimmee, FL",America
Chelsea Parmer,FL ,America
"PlayingDead! &™""","Pensacola, FL",America
Tyler Bergh,"Sioux Falls, SD",Sudan 
Shaun Dooley,"New York, NY",America
Rob Werkheiser,"Plymouth, MA",Morocco
Jasmin Pintol," Akron, Ohio",America
#BROKEN DRE LORENZO,"Flint, Michigan",America
Konzul,"Zagreb, Croatia",Croatia
Reub,MI,America
Micard,"Milwaukee, WI",America
Mark A. Lisica,"New York, NY",America
Eric Minehart,"Portland, OR",America
Marc Gimeno Agud,Barcelona ,Spain
suraj sharma,"NY, NY",America
DJ Bedz,"Denver, Colorado",America
dario,Canada,Canada
Scott Bay,"Denver, Colorado",America
JP Morgan,"Manhattan, NY",America
Peter Ariz,"Glenvar Heights, FL",America
King Cobra,"Philadelphia, PA",Panama
Kevin Hegel,"Barcelona, Spain",Spain
scott potter,"Sennett, NY",America
alex ©…©…,"Miami, FL",America
Anna Sab Torrades,"Barcelona, Spain",Spain
Angelo Garofalo,PHL,Philippines
Matt Gallagher,"Brookhaven,PA",Panama
Gaute Vefring,"Bergen, Norway",Norway
DK©…©…,Australia,Australia
Daniel Lee,"Beaverton, OR",America
macsola,"Madrid, Spain",Spain
Knicks Central,"New York, USA",United States
Scott,Sydney,Australia
John M,"Philadelphia, PA",Panama
C.O.,"Denver, Colorado",America
alexander charles ramirez,"Fullerton, CA",Canada
RL,"San Diego, CA",Canada
Josef D,"Milwaukee, WI",America
Jonah Prussky,Toronto,Canada
George.,NYC,America
@jdhender,"Boston, MA",Morocco
finazz,"Adelaide, Australia",Australia
Joseph Dawson Smith,"Minneapolis, MN",Mongolia
Mumen Rider fan club,"Tampa, FL",America
Artem,Washington,United States
Mathew Backos,"Shelby, MI",America
Matt Rosado,"Tampa, FL / Greenwood, DE",Germany
Kevin Rutter,"Claymont, DE",Germany
Dan,"Philadelphia, Pennsylvania",America
Harrison Wind,"Denver, Colorado",America
Hector Vargas II,"Huntersville, NC",New Caledonia
Jillian Adge,"Sacramento, CA",Canada
Derek Bennett,"Sacramento, CA",Canada
Simran Randhawa,Sacramento,America
Jeff Krisko,"Carmichael, CA",Canada
TheOfficialSexPistol,Denver,America
Jeff Morton,Denver,America
White Shadow,"Sacramento, CA",Canada
Lubomir Neshev,Bulgaria,Bulgaria
Jonathan Adams,"Atlanta, GA",Gabon
Chicago/Orlando,Florida,America
Foot Locker,USA,United States
Jeff Serin,"Hillsborough, NJ",America
Jol Simmons,"Los Angeles, CA",Canada
FrancisOKC,"New York, NY",America
Andrew,"Massachusetts, USA",United States
Ben Campbell,"Colorado, USA",United States
Oldschoolbb1,"Madison Heights, MI",America
Jeanna Cooper,Michigan,America
Devon Belding,"Moncks Corner, SC",Seychelles
Jus,Argentina,Argentina
Csar R GALLARDO,"Los Muermos, Chile",Chile
sergio maese diaz,"Malaga, Spain",Spain
Tomislav,"Paris, France",France
Dan,United States,United States
Gabriela Terrazas,Mexico,Mexico
Steve Trusko,"Yardley, PA",Panama
Dubravko Filipovi,"London, Zagreb, Croatia",Croatia
Carson,"Los Angeles, CA",Canada
Mell0,"Oslo, Norway",Norway
RyanAdams,"Orange Groves, Florida",America
B.T.,"Philadelphia, PA",Panama
Luke,"Gilbert, AZ",Azerbaijan
jordi sanchez,Barcelona,Spain
J.P. Self,London,United Kingdom
Mikel Villate,"Bilbao, Spain",Spain
ABEL,"Los Angeles, CA",Canada
Alex,Philippines,Philippines
David Sowinski,"Chicago, IL",Israel
John Bell,"Richmond, VA",Holy See
Pau meler castel,"el Tur de la Peira, Barcelona",Spain
Aleix Pearanda ,"Hospitalet de Llobregat, Spain",Spain
Jacob Howard,"Jackson, MI",America
AC,Barcelona,Spain
Robert Williams,"Millville, NJ",America
Pedro Luis Gomis,Barcelona,Spain
jose m chema diaz,"Camarillo, CA",Canada
Adrijana Dzg,"Zagreb,Croatia",Croatia
antonio zudaire,"Lloret de Mar, Spain",Spain
josep puertas teruel,Barcelona,Spain
Corey Hermanson,"Las Vegas, NV",America
Chris Leos,"Denver, CO",Colombia
Jordi Monty,Barcelona,Spain
Dream Chaser,London ,United Kingdom
Carlesjakovic,Barcelona,Spain
Pau Gmez Zurdo, Madrid,Spain
Fernando Martn,Madrid,Spain
XOG,Barcelona,Spain
Vctor Vivas,Barcelona,Spain
RuBEN Wallace,"Albacete, Spain",Spain
?>rXb赦,"Bangkok, Thailand",Thailand
Daniel Sanchez,"Pollena, Spain",Spain
basketincontro,Italy,Italy
Mnica Arags ||*||,Barcelona,Spain
Alejandro Castaar,Barcelona,Spain
Carlos Martinez,Madrid,Spain
joseplluis,Barcelona,Spain
Turtle Bouzas,"London, UK",United Kingdom
fabianbonetpaga,Barcelona,Spain
Konstantina Ster,"Grevena, Greece",Greece
Monchini,"Santa Cruz de Tenerife, Spain",Spain
Javier Bengochea ©…©…,"Madrid, Spain",Spain
Selu CCF,"Cadiz, Spain",Spain
Jo-Kane/A.W.D. Ent.,"Camden, NJ",America
Dunk Shop Hrvatska,Zagreb,Croatia
Green Room Invite,"Minneapolis, MN",Mongolia
Dani Molins,Barcelona,Spain
Coach Terry Tyson,"USA, Utah, Las Vegas, China",Hong Kong
lex Snchez,Madrid,Spain
marko ajdukovic,Croatia,Croatia
KK VROS Osijek,"Osijek, Croatia",Croatia
Lloren Sab,Barcelona,Spain
Bruna Dujmic,"Split, Croatia",Croatia
}ena Boo,"Split, Croatia",Croatia
Markus Loncar,Zagreb,Croatia
Maria Eugenia Bravo ,Madrid,Spain
Pa,"Vigo,Spain",Spain
Pau Recasens,Barcelona,Spain
Csar Nanclares,Madrid,Spain
Ivan olak,"`iroki Brijeg, BIH",Bosnia and Herzegovina
Eugenia,"Cornell, Barcelona",Spain
Lidija Mari,Croatia,Croatia
Ross Ewart,"Huntington Beach, CA",Canada
Gerard Garca,"Hospitalet de Llobregat, Spain",Spain
Pau,Barcelona,Spain
Marcel,Barcelona,Spain
pomegranatem,Istanbul,Turkey
Natko Jankovi,"Zagreb, Croatia",Croatia
ViktorAlmagro,Barcelona,Spain
x Szafirowa x,Poland,Poland
Isaac Admella Espot,Barcelona,Spain
SneaksPerDiem,"Everywhere, USA",United States
Lorenzo Ravasio,Italy,Italy
©…©…©…©…,"Zagreb,Croatia",Croatia
The Quick,Serbia,Serbia
natalie,Serbia,Serbia
Alberto,Madrid,Spain
ooohkillem,VA,Holy See
coach spain,Spain,Spain
Luca Virgilio,"New York, USA",United States
elcapitaenciam,Barcelona,Spain
Hrvoje Vujani,Croatia,Croatia
BasketHoopSpain,Spain,Spain
Juan Daniel Minguez,"Berlin, Germany",Germany
Juha Sulkanen,Finland,Finland
Marko Peris,"Samobor, Croatia",Croatia
Shad Lara,"Carpinteria, CA",Canada
Jordi Vil,Barcelona,Spain
Dejan Vukusic,London,United Kingdom
Benjamin Kolega,"Kali, Croatia",Croatia
Laetitia ;),"Metkovi, Croatia",Croatia
VagelisPaleochoritis,"Piraeus, Greece",Greece
rug,Barcelona,Spain
Marko Bualjeta,"Zadar, Croatia",Croatia
Simon Luxford,Melbourne,Australia
Tim Unverdorben,Slovenia,Slovenia
Mthrfckr.,Barcelona,Spain
Robert lvarez,Barcelona,Spain
Marc,Barcelona,Spain
Marc Castillo,Barcelona,Spain
Artemis Zhang,"Suzhou, Jiangsu, China",Hong Kong
